Название товара,Цена товара,Ссылка на товар
Уголок для полотенцесушителя 1*г-3/4*р (ПАРА),1 540,https://tdom.info/santehnika/polotencesushiteli-i-komplektuyuschie/komplektuyuschie-dlya-polotencesushitelei/13471_ugolok-dlya-polotencesushitelya-1-g-3-4-r-para-
Соединение стяжное д/полотенцесуш. 3/4г-3/4г/1шт,247,https://tdom.info/santehnika/polotencesushiteli-i-komplektuyuschie/komplektuyuschie-dlya-polotencesushitelei/08477_soedinenie-styazhnoe-d-polotencesush-3-4g-3-4g-1sht
Соединение прямое PF Chrome п/суш в/в 1х3/4,1 251,https://tdom.info/santehnika/polotencesushiteli-i-komplektuyuschie/komplektuyuschie-dlya-polotencesushitelei/31260_soedinenie-pryamoe-pf-chrome-p-sush-v-v-1h3-4
Соединение прямое 3/4*г / 3/4*р для полотенцесушителя (ПАРА),490,https://tdom.info/santehnika/polotencesushiteli-i-komplektuyuschie/komplektuyuschie-dlya-polotencesushitelei/13469_soedinenie-pryamoe-3-4-g-3-4-r-dlya-polotencesushitelya-para-
Соединение прямое 3/4*г / 3/4*р для полотенцесушителя (1шт),250,https://tdom.info/santehnika/polotencesushiteli-i-komplektuyuschie/komplektuyuschie-dlya-polotencesushitelei/12524_soedinenie-pryamoe-3-4-g-3-4-r-dlya-polotencesushitelya-1sht-
Соединение прямое 3/4*г / 3/4*г для полотенцесушителя (ПАРА),984,https://tdom.info/santehnika/polotencesushiteli-i-komplektuyuschie/komplektuyuschie-dlya-polotencesushitelei/13468_soedinenie-pryamoe-3-4-g-3-4-g-dlya-polotencesushitelya-para-
"Полотенцесушитель электрический ТДА ЛНК - Э профиль 50 х 60 П 5 перекладин, терморегулятор Белый",8 930,https://tdom.info/santehnika/polotencesushiteli-i-komplektuyuschie/44807_polotencesushitel-elektricheskii-tda-lnk-e-profil-50-h-60-p-5-perekladin-termoregulyator-belii
"Полотенцесушитель электрический ТДА ЛНК - Э профиль 50 х 50 П 4 перекладины, терморегулятор Черный",7 293,https://tdom.info/santehnika/polotencesushiteli-i-komplektuyuschie/44800_polotencesushitel-elektricheskii-tda-lnk-e-profil-50-h-50-p-4-perekladini-termoregulyator-cher
"Полотенцесушитель электрический ТДА ЛНК - Э профиль 50 х 120 П 12 перекладин, терморегулятор Белый",16 340,https://tdom.info/santehnika/polotencesushiteli-i-komplektuyuschie/44806_polotencesushitel-elektricheskii-tda-lnk-e-profil-50-h-120-p-12-perekladin-termoregulyator-bel
"Полотенцесушитель электрический ТДА ЛНК - Э профиль 50 х 100 П 10 перекладин, терморегулятор Черный",11 835,https://tdom.info/santehnika/polotencesushiteli-i-komplektuyuschie/44798_polotencesushitel-elektricheskii-tda-lnk-e-profil-50-h-100-p-10-perekladin-termoregulyator-che
"Полотенцесушитель электрический ТДА ЛНК - Э профиль 40 х 80 П 6 перекладин, терморегулятор Белый",9 840,https://tdom.info/santehnika/polotencesushiteli-i-komplektuyuschie/44805_polotencesushitel-elektricheskii-tda-lnk-e-profil-40-h-80-p-6-perekladin-termoregulyator-belii
"Полотенцесушитель электрический ТДА ЛНК - Э профиль 40 х 60 П 4 перекладины, терморегулятор Черный",8 385,https://tdom.info/santehnika/polotencesushiteli-i-komplektuyuschie/44797_polotencesushitel-elektricheskii-tda-lnk-e-profil-40-h-60-p-4-perekladini-termoregulyator-cher
"Полотенцесушитель электрический ТДА ЛНК - Э профиль 40 х 60 П 4 перекладины, терморегулятор Белый",8 970,https://tdom.info/santehnika/polotencesushiteli-i-komplektuyuschie/44804_polotencesushitel-elektricheskii-tda-lnk-e-profil-40-h-60-p-4-perekladini-termoregulyator-beli
"Полотенцесушитель электрический ТДА ЛНК - Э профиль 40 х 50 П 4 перекладины, терморегулятор Черный",8 835,https://tdom.info/santehnika/polotencesushiteli-i-komplektuyuschie/44796_polotencesushitel-elektricheskii-tda-lnk-e-profil-40-h-50-p-4-perekladini-termoregulyator-cher
"Полотенцесушитель электрический ТДА ЛНК - Э профиль 40 х 50 П 4 перекладины, терморегулятор Белый",7 199,https://tdom.info/santehnika/polotencesushiteli-i-komplektuyuschie/44803_polotencesushitel-elektricheskii-tda-lnk-e-profil-40-h-50-p-4-perekladini-termoregulyator-beli
